<?xml version="1.0" encoding="ISO-8859-1"?><!DOCTYPE metadata SYSTEM "http://www.fgdc.gov/metadata/fgdc-std-001-1998.dtd"><metadata>
<idinfo>
<citation>
<citeinfo>
<origin>U.S. Geological Survey</origin>
<pubdate>200310</pubdate>
<title>aquifrp025</title>
<edition>Version 1.0</edition>
<geoform>vector digital data</geoform>
<pubinfo>
<pubplace>Madison, WI, USA</pubplace>
<publish>U.S. Geological Survey</publish>
</pubinfo>
<onlink>&lt;http://nationalatlas.gov/atlasftp.html&gt;</onlink>
</citeinfo>
</citation>
<descript>
<abstract>This map layer contains the shallowest principal aquifers of the conterminous United States, Hawaii, Puerto Rico, and the U.S. Virgin Islands, portrayed as polygons.  The map layer was developed as part of the effort to produce the maps published at 1:2,500,000 in the printed series "Ground Water Atlas of the United States".  The published maps contain base and cultural features not included in these data.  This is a replacement for the July 1998 map layer called Principal Aquifers of the 48 Conterminous United States.</abstract>
<purpose>These data are intended for use in publications, at a scale of 1:2,500,000 or smaller.  Due to the small scale, the primary intended use is for regional and national data display and analysis, rather than specific local data analysis.</purpose>
<supplinf>The Ground Water Atlas of the United States (GWA) chapters include additional information that may be relevant to the use of this map layer, such as maps of alluvial and glacial aquifers that overlie the aquifers in this map layer, as well as other information described below.

The areal extent of the aquifers, as shown in this map layer, represents the area in which a named aquifer is the shallowest of the principal aquifers.  These aquifer areas are not necessarily the only areas in which ground water can be withdrawn, for two reasons:  1) The aquifers shown may have a larger areal extent than is represented here.  The boundaries in this map layer generally represent an interpretation of the surface location (outcrop), or near-surface location (shallow subcrop) of the uppermost principal aquifer for the area.  An aquifer may extend beyond the area shown, but be overlain by one or more other aquifers, and (or) low-permeability material.  2) There may be areas of water-bearing surficial material not shown in this map layer.  Major alluvial aquifers that occur along main watercourses are not shown.  Significant unconsolidated sand and gravel aquifers, that are not indicated in this map layer but are important sources of water, may occur locally in glaciated regions.  The user of this map layer is advised that  to get complete information regarding areas that serve as sources of water, more
information about surficial aquifers needs to be obtained, particularly in glaciated areas.

This map layer was constructed by combining data created for or from the regional GWA chapters.  Minor aquifers that are important local sources of water were mapped in some regions, so the regional maps in the GWA may show more detail than this map layer.  The data were reviewed, adjusted, and published based on new information provided by national, State, and local scientists.  The juxtaposition of regionally mapped aquifers has led to some instances where an aquifer outcrop or shallow subcrop is bounded by a State line.  This is a result of the regional mapping and national categorization methods used and is not meant to imply a hydrogeologic change coincident with a State boundary.

The aquifer outcrop and shallow subcrop boundaries represent broad, regional categories and should not be interpreted as site-specific. Comments regarding the names of aquifers or the hydrogeologic interpretation of the aquifers can be directed to the U.S. Geological Survey, Water Resources Division, Office of Ground Water, ogw_webmaster@usgs.gov.

This map layer was used as part of the effort to publish a 1:5,000,000- scale 'Principal Aquifers' map in the National Atlas of the United States of America series of printed maps.  The printed map can be considered  a representation of this map layer with the exceptions of: the smaller scale, slight differences in the coastline due to generalization, base and cultural information, and delineation of the glacial-deposit area.

These data were developed in conjunction with the publication of the GWA. For documentation purposes, areas are referred to by their corresponding GWA chapter letter, or by State.  This list shows the relationship between State names and GWA chapters:
&gt;HA 730-B        Segment 1-California, Nevada
&gt;HA 730-C        Segment 2-Colorado, Utah, New Mexico, Arizona
&gt;HA 730-D        Segment 3-Kansas, Missouri, Nebraska
&gt;HA 730-E        Segment 4-Texas, Oklahoma
&gt;HA 730-F        Segment 5-Arkansas, Louisiana, Mississippi
&gt;HA 730-G        Segment 6-Alabama, Florida, Georgia, South Carolina
&gt;HA 730-H        Segment 7-Idaho, Oregon, Washington
&gt;HA 730-I        Segment 8-Montana, North Dakota, South Dakota, Wyoming
&gt;HA 730-J        Segment 9-Iowa, Michigan, Minnesota, Wisconsin
&gt;HA 730-K        Segment 10-Illinois, Indiana, Kentucky, Ohio, Tennessee
&gt;HA 730-L        Segment 11-Delaware, Maryland, New Jersey, North
&gt;                           Carolina, Pennsylvania, Virginia, West
&gt;                           Virginia
&gt;HA 730-M        Segment 12-Connecticut, Maine, Massachusetts, New
&gt;                           Hampshire, New York, Rhode Island, Vermont
&gt;HA 730-N        Segment 13-Alaska, Hawaii, Puerto Rico, and the U.S.
&gt;                           Virgin Islands
Refer to &lt;http://capp.water.usgs.gov/gwa/gwa.html&gt; for a graphic depiction of the GWA chapter regions, as well as more information about the GWA.

It may be helpful to refer to the printed GWA chapters when using the Data, however, there are significant differences between this national map layer and the printed chapters.  Because the GWA regional chapters were written by different authors, there were areas of different interpretations and category delineations, aquifer names, etc., that became apparent when combining the regions.

The following listings show the differences between aquifer names in the GWA chapters and the aq_name and aq_code used in this map layer.  See the Entity and Attribute Information section for definitions of the data attributes.

&gt;GWA chapter HA 730-B
&gt;Name from fig 11, page B4     aq_code-aq_name
&gt;____________________________________________________________
&gt;Basin and Range volcanic-     601-Southern Nevada
&gt;rock aquifers                     volcanic-rock aquifers
&gt;
&gt;Coastal Basins aquifers       103-California Coastal Basin
&gt;                                  aquifers
&gt;
&gt;Northern California Basin     104-Pacific Northwest
&gt;fill aquifers                     basin-fill aquifers
&gt;
&gt;
&gt;GWA chapter HA 730-C
&gt;Name from fig 11, page C4
&gt;____________________________________________________________
&gt;Names and categories the same
&gt;
&gt;
&gt;GWA chapter HA 730-D
&gt;Name from fig 5, page D4      aq_code-aq_name
&gt;____________________________________________________________
&gt;Mississippi embayment         109-Mississippi River Valley
&gt;aquifer system                    alluvial aquifer
&gt;
&gt;Great Plains aquifer          304-Lower Cretaceous
&gt;                                  aquifers
&gt;
&gt;Confining unit                999-Other rocks
&gt;
&gt;Dune sand                     107-High Plains aquifer
&gt;
&gt;
&gt;GWA chapter HA 730-E
&gt;Name from fig 4, page E3      aq_code-aq_name
&gt;____________________________________________________________
&gt;EDWARDS-TRINITY AQUIFER SYSTEM
&gt;Edwards-Trinity aquifer       501-Edwards-Trinity aquifer
&gt;                                  system
&gt;
&gt;Edwards aquifer               501-Edwards-Trinity aquifer
&gt;                                  system
&gt;
&gt;Trinity aquifer               501-Edwards-Trinity aquifer
&gt;                                  system
&gt;
&gt;Confining unit                999-Other rocks
&gt;
&gt;
&gt;GWA chapter HA 730-F
&gt;Name from fig 7, page 4       aq_code-aq_name
&gt;____________________________________________________________
&gt;MAJOR AQUIFER SYSTEMS
&gt;Surficial aquifer system      109-Mississippi River Valley
&gt;                                  alluvial aquifer
&gt;                              203-Mississippi embayment
&gt;                                  aquifer system
&gt;                              501-Edwards-Trinity aquifer
&gt;                                  system
&gt;                              999-Other rocks
&gt;
&gt;Mississippi embayment         109-Mississippi River Valley
&gt;aquifer system                    alluvial aquifer
&gt;                              203-Mississippi embayment
&gt;                                  aquifer system
&gt;                              204-Southeastern Coastal
&gt;                                  Plain aquifer system
&gt;                              999-Other rocks
&gt;
&gt;Tokio-Woodbine aquifer        999-Other rocks
&gt;
&gt;Ouachita Mountains aquifer    999-Other rocks
&gt;
&gt;CONFINING SYSTEMS AND CONFINING UNITS
&gt;Western Interior Plains       999-Other rocks
&gt;confining systems
&gt;
&gt;Confining unit                109-Mississippi River Valley
&gt;                                  alluvial aquifer
&gt;                              203-Mississippi embayment
&gt;                                  aquifer system
&gt;                              999-Other rocks
&gt;
&gt;
&gt;GWA chapter HA 730-G
&gt;Name from fig 3, page 3       aq_code-aq_name
&gt;____________________________________________________________
&gt;Sand and gravel aquifer       201-Coastal lowlands aquifer
&gt;                                  system
&gt;
&gt;Piedmont and Blue Ridge       611-Piedmont and Blue Ridge
&gt;aquifers                          crystalline-rock aquifers
&gt;
&gt;Appalachian Plateaus          310-Pennsylvanian aquifers
&gt;aquifers
&gt;
&gt;Interior Low Plateaus         503-Mississippian aquifers
&gt;aquifers
&gt;
&gt;Confining unit                999-Other rocks
&gt;
&gt;
&gt;GWA chapter HA 730-H
&gt;Name from fig 5, page H4      aq_code-aq_name
&gt;____________________________________________________________
&gt;Unconsolidated-deposit        101-Basin and Range basin-fill
&gt; aquifers                         aquifers
&gt;                              104-Pacific Northwest
&gt;                                  basin-fill aquifers
&gt;                              105-Northern Rocky Mountains
&gt;                                  Intermontane Basins
&gt;                                  aquifer system
&gt;                              112-Puget Sound aquifer system
&gt;
&gt;
&gt;Pliocene and younger          606-Snake River Plain
&gt;basaltic-rock aquifers            basaltic-rock aquifers
&gt;                              610-Pacific Northwest
&gt;                                  basaltic-rock aquifers
&gt;
&gt;Miocene basaltic-rock         606-Snake River Plain
&gt;aquifers                          basaltic-rock aquifers
&gt;                              607-Columbia Plateau basaltic-rock
&gt;                                  aquifers
&gt;                              610-Pacific Northwest
&gt;                                  basaltic-rock aquifers
&gt;
&gt;Aquifers in pre-Miocene       401-Basin and Range
&gt;rocks                             carbonate-rock aquifers
&gt;                              999-Other rocks
&gt;
&gt;
&gt;GWA chapter HA 730-I.  See Process Description regarding differences between &gt;this data and the printed Ground Water Atlas chapter in Western Montana
&gt;Name from fig 7, page I4      aq_code-aq_name
&gt;____________________________________________________________
&gt;Quaternary volcanic and       610-Pacific Northwest
&gt;sedimentary rock aquifers         basaltic-rock aquifers
&gt;
&gt;Upper Tertiary aquifers       105-Northern Rocky Mountains
&gt;                                  Intermontane Basins
&gt;                                  aquifer system
&gt;                              107-High Plains aquifer
&gt;                              314-Lower Tertiary aquifers
&gt;                              316-Wyoming Tertiary aquifers
&gt;
&gt;Lower Tertiary aquifers       107-High Plains aquifer
&gt;                              314-Lower Tertiary aquifers
&gt;
&gt;Upper Cretaceous aquifers     301-Colorado Plateaus
&gt;                                  aquifers
&gt;                              315-Upper Cretaceous
&gt;                                  aquifers
&gt;
&gt;Lower Cretaceous aquifers     301-Colorado Plateaus
&gt;                                  aquifers
&gt;                              304-Lower Cretaceous aquifers
&gt;
&gt;Confining unit                301-Colorado Plateaus
&gt;                                  aquifers
&gt;
&gt;
&gt;GWA chapter HA 730-J
&gt;Name from fig 7, page J4      aq_code-aq_name
&gt;____________________________________________________________
&gt;Cretaceous aquifer            304-Lower Cretaceous
&gt;                                  aquifers
&gt;
&gt;MISSISSIPPIAN AQUIFER
&gt;Carbonate rocks               503-Mississippian aquifers
&gt;
&gt;Sandstone                     311-Marshall aquifer
&gt;
&gt;Crystalline-rock aquifer      999-Other rocks
&gt;
&gt;Confining unit                312-Cambrian-Ordovician
&gt;                                  aquifer system
&gt;                              999-Other rocks
&gt;
&gt;
&gt;GWA chapter HA 730-K
&gt;Name from fig 5, page K4      aq_code-aq_name
&gt;____________________________________________________________
&gt;Blue Ridge aquifers           611-Piedmont and Blue Ridge
&gt;                                  crystalline-rock aquifers
&gt;
&gt;MISSISSIPPI EMBAYMENT AQUIFER SYSTEM
&gt;Upper Claiborne, middle       109-Mississippi River Valley
&gt;Claiborne, middle Wilcox,         alluvial aquifer
&gt;and lower Wilcox              203-Mississippi embayment
&gt;                                  aquifer system
&gt;
&gt;McNairy-Nacatoch              204-Southeastern Coastal
&gt;                                  Plain aquifer system
&gt;
&gt;Pennsylvanian aquifers        999-Other rocks
&gt;
&gt;Confining unit                999-Other rocks
&gt;
&gt;
&gt;GWA chapter HA 730-L
&gt;Name from fig 7, page L4      aq_code-aq_name
&gt;____________________________________________________________
&gt;NORTHERN ATLANTIC COASTAL PLAIN AQUIFER SYSTEM
&gt;Surficial aquifer             111-Surficial aquifer system
&gt;                              205-Northern Atlantic
&gt;                                  Coastal Plain aquifer
&gt;                                  system
&gt;
&gt;Chesapeake aquifer            205-Northern Atlantic
&gt;                                  Coastal Plain aquifer
&gt;                                  system
&gt;
&gt;Castle Hayne-Aquia aquifer    418-Castle Hayne aquifer
&gt;
&gt;Severn-Magothy aquifer        205-Northern Atlantic
&gt;                                  Coastal Plain aquifer
&gt;                                  system
&gt;
&gt;Peedee-upper Cape Fear        205-Northern Atlantic
&gt;aquifer                           Coastal Plain aquifer
&gt;                                  system
&gt;
&gt;Potomac aquifer               205-Northern Atlantic
&gt;                                  Coastal Plain aquifer
&gt;                                  system
&gt;
&gt;PIEDMONT AND BLUE RIDGE AQUIFERS
&gt;Aquifers in early Mesozoic    308-Early Mesozoic basin
&gt;basins                            aquifers
&gt;
&gt;Carbonate-rock aquifers       417-Piedmont and Blue Ridge
&gt;                                  carbonate-rock aquifers
&gt;
&gt;Crystalline-rock aquifers     611-Piedmont and Blue Ridge
&gt;                                  crystalline-rock aquifers
&gt;
&gt;Valley and Ridge              416-New York and New England
&gt;carbonate-rock aquifers           carbonate-rock aquifers
&gt;                              505-Valley and Ridge
&gt;                                  carbonate-rock aquifers
&gt;
&gt;APPALACHIAN PLATEAUS
&gt;Permian and Pennsylvanian     310-Pennsylvanian aquifers
&gt;aquifers
&gt;
&gt;Not a principal aquifer       611-Piedmont and Blue Ridge
&gt;                                  crystalline-rock aquifers
&gt;
&gt;
&gt;GWA chapter HA 730-M
&gt;Name from fig 10, page M5     aq_code-aq_name
&gt;____________________________________________________________
&gt;SANDSTONE AQUIFERS
&gt;Mesozoic sandstone and        308-Early Mesozoic basin
&gt;basalt of the Newark              aquifers
&gt;Supergroup
&gt;
&gt;Lower Paleozoic               309-New York sandstone
&gt;                                  aquifers
&gt;
&gt;CRYSTALLINE-ROCK AQUIFERS
&gt;Adirondack                    999-Other rocks
&gt;
&gt;
&gt;GWA chapter HA 730-N
&gt;Hawaii name from fig 35,
&gt;page N14
&gt;Puerto Rico name from
&gt;fig 71, page N24              aq_code-aq_name
&gt;____________________________________________________________
&gt;Volcanic rock aquifers        608-Hawaiian Volcanic-rock
&gt;                                  aquifers
&gt;                              609-Hawaiian Sedimentary
&gt;                                  deposit aquifers
&gt;
&gt;MINOR AQUIFERS
&gt;Coastal embayment aquifers    999-Other rocks
&gt;Volcaniclastic-, igneous-,
&gt;and sedimentary-rock aquifers
&gt;
&gt;Confining unit                999-Other rocks
&gt;
&gt;NORTHCOAST LIMESTONE AQUIFER SYSTEM
&gt;Upper aquifer                 419-Puerto Rico North Coast Limestone
&gt;                                  aquifer system
&gt;
&gt;Lower aquifer                 419-Puerto Rico North Coast Limestone
&gt;                                  aquifer system
&gt;
Related Spatial and Tabular Data Sets

A map layer showing the areal extent of sand and gravel aquifers of alluvial and glacial origin north of the line of Quaternary continental glaciation is included in the online, interactive National Atlas of the United States.  This map layer ends at the southern limit of glaciation in the United States; areas north of the limit line contain
significant sand and gravel glacial deposits that are important sources of water for local areas.

For additional information on principal aquifers, please see the Aquifer Basics page at &lt;http://capp.water.usgs.gov/aquiferBasics/index.html&gt;.

The final data are being served to the public in the following formats: Spatial Data Transfer Standard (SDTS), Arc/INFO Export, or ArcView Shapefile.</supplinf>
</descript>
<timeperd>
<timeinfo>
<sngdate>
<caldate>200310</caldate>
</sngdate>
</timeinfo>
<current>publication date</current>
</timeperd>
<status>
<progress>Complete</progress>
<update>As needed</update>
</status>
<spdom>
<bounding>
<westbc>
-124.755908</westbc>
<eastbc>
-66.939561</eastbc>
<northbc>
49.385619</northbc>
<southbc>
24.518322</southbc>
</bounding>
</spdom>
<keywords>
<theme>
<themekt>ISO 19115 Topic Category</themekt>
<themekey>Geoscientific information</themekey>
</theme>
<theme>
<themekt>None</themekt>
<themekey>Aquifer</themekey>
<themekey>Groundwater</themekey>
<themekey>Hydrogeology</themekey>
<themekey>Geohydrology</themekey>
</theme>
<place>
<placekt>None</placekt>
<placekey>Alabama</placekey>
<placekey>Arizona</placekey>
<placekey>Arkansas</placekey>
<placekey>California</placekey>
<placekey>Colorado</placekey>
<placekey>Connecticut</placekey>
<placekey>Delaware</placekey>
<placekey>District of Columbia</placekey>
<placekey>Florida</placekey>
<placekey>Georgia</placekey>
<placekey>Hawaii</placekey>
<placekey>Idaho</placekey>
<placekey>Illinois</placekey>
<placekey>Indiana</placekey>
<placekey>Iowa</placekey>
<placekey>Kansas</placekey>
<placekey>Kentucky</placekey>
<placekey>Louisiana</placekey>
<placekey>Maine</placekey>
<placekey>Maryland</placekey>
<placekey>Massachusetts</placekey>
<placekey>Michigan</placekey>
<placekey>Minnesota</placekey>
<placekey>Mississippi</placekey>
<placekey>Missouri</placekey>
<placekey>Montana</placekey>
<placekey>Nebraska</placekey>
<placekey>Nevada</placekey>
<placekey>New Hampshire</placekey>
<placekey>New Jersey</placekey>
<placekey>New Mexico</placekey>
<placekey>New York</placekey>
<placekey>North Carolina</placekey>
<placekey>North Dakota</placekey>
<placekey>Ohio</placekey>
<placekey>Oklahoma</placekey>
<placekey>Oregon</placekey>
<placekey>Pennsylvania</placekey>
<placekey>Rhode Island</placekey>
<placekey>South Carolina</placekey>
<placekey>South Dakota</placekey>
<placekey>Tennessee</placekey>
<placekey>Texas</placekey>
<placekey>Utah</placekey>
<placekey>Vermont</placekey>
<placekey>Virginia</placekey>
<placekey>Washington</placekey>
<placekey>West Virginia</placekey>
<placekey>Wisconsin</placekey>
<placekey>Wyoming</placekey>
<placekey>Puerto Rico</placekey>
<placekey>U.S. Virgin Islands</placekey>
<placekey>United States</placekey>
</place>
</keywords>
<accconst>None</accconst>
<useconst>None.  Acknowledgment of the Ground Water Atlas of the United States and (or) the National Atlas of the United States of America would be appreciated in products derived from these data.</useconst>
<ptcontac>
<cntinfo>
<cntorgp>
<cntorg>U.S. Geological Survey</cntorg>
<cntper>Chief, Cartographic and Publications Program, Water Resources Division</cntper>
</cntorgp>
<cntaddr>
<addrtype>Mailing and physical address</addrtype>
<address>505 Science Drive</address>
<city>Madison</city>
<state>WI</state>
<postal>53711-1061</postal>
<country>USA</country>
</cntaddr>
<cntvoice>608-238-9333</cntvoice>
</cntinfo>
</ptcontac>
<datacred>This map layer was created and modified over a period of at least five years by several staff members of the U.S. Geological Survey Water Resources Discipline, Cartographic and Publications Program in Madison, Wisconsin. Completion of this map layer and associated metadata was funded, in part, under a cooperative joint funding agreement between the U.S. Geological Survey and the U.S. Environmental Protection Agency.</datacred>
<native>Microsoft Windows 2000 Version 5.2 (Build 3790) Service Pack 2; ESRI ArcCatalog 9.2.0.1324</native>
<crossref>
<citeinfo>
<origin>U.S. Geological Survey</origin>
<pubdate>200209</pubdate>
<title>Aquifers of Alluvial and Glacial Origin</title>
<pubinfo>
<pubplace>Reston, VA</pubplace>
<publish>National Atlas of the United States</publish>
</pubinfo>
<onlink>&lt;http://nationalatlas.gov/atlasftp.html&gt;</onlink>
</citeinfo>
</crossref>
</idinfo>
<dataqual>
<logic>Polygon and chain-node topology are present.  Each polygon is closed and has one label point.</logic>
<complete>This map layer includes aquifer information for the 48 conterminous United States, the District of Columbia, Hawaii, Puerto Rico, and the U.S. Virgin Islands.</complete>
<lineage>
<srcinfo>
<srccite>
<citeinfo>
<origin>Planert, M. (comp.)</origin>
<origin>Williams, J.S. (comp.)</origin>
<pubdate>1995</pubdate>
<title>Ground Water Atlas of the United States-Segment 1: California,
Nevada</title>
<edition>1.0</edition>
<geoform>Map</geoform>
<serinfo>
<sername>Hydrologic Investigations Atlas</sername>
<issue>HA 730-B</issue>
</serinfo>
<pubinfo>
<pubplace>Reston, VA</pubplace>
<publish>U.S. Geological Survey</publish>
</pubinfo>
</citeinfo>
</srccite>
<srcscale>2500000</srcscale>
<typesrc>Stable-base material</typesrc>
<srctime>
<timeinfo>
<sngdate>
<caldate>1995</caldate>
</sngdate>
</timeinfo>
<srccurr>publication date</srccurr>
</srctime>
<srccitea>GWA HA 730-B</srccitea>
<srccontr>Aquifer data for California and Nevada</srccontr>
</srcinfo>
<srcinfo>
<srccite>
<citeinfo>
<origin>Robson, S.G. (comp.)</origin>
<origin>Banta, E.R. (comp.)</origin>
<pubdate>1995</pubdate>
<title>Ground Water Atlas of the United States-Segment 2: Arizona,
Colorado, New Mexico, Utah</title>
<edition>1.0</edition>
<geoform>Map</geoform>
<serinfo>
<sername>Hydrologic Investigations Atlas</sername>
<issue>HA 730-C</issue>
</serinfo>
<pubinfo>
<pubplace>Reston, VA</pubplace>
<publish>U.S. Geological Survey</publish>
</pubinfo>
</citeinfo>
</srccite>
<srcscale>2500000</srcscale>
<typesrc>Stable-base material</typesrc>
<srctime>
<timeinfo>
<sngdate>
<caldate>1995</caldate>
</sngdate>
</timeinfo>
<srccurr>Publication date</srccurr>
</srctime>
<srccitea>GWA HA 730-C</srccitea>
<srccontr>Aquifer data for Arizona, Colorado, New Mexico, and Utah</srccontr>
</srcinfo>
<srcinfo>
<srccite>
<citeinfo>
<origin>Miller, J.A. (comp.)</origin>
<origin>Appel, C.L. (comp.)</origin>
<pubdate>1998</pubdate>
<title>Ground Water Atlas of the United States-Segment 3: Kansas, Missouri,
Nebraska</title>
<edition>1.0</edition>
<geoform>Map</geoform>
<serinfo>
<sername>Hydrologic Investigations Atlas</sername>
<issue>HA 730-D</issue>
</serinfo>
<pubinfo>
<pubplace>Reston, VA</pubplace>
<publish>U.S. Geological Survey</publish>
</pubinfo>
</citeinfo>
</srccite>
<srcscale>2500000</srcscale>
<typesrc>Stable-base material</typesrc>
<srctime>
<timeinfo>
<sngdate>
<caldate>1998</caldate>
</sngdate>
</timeinfo>
<srccurr>Publication date</srccurr>
</srctime>
<srccitea>GWA HA 730-D</srccitea>
<srccontr>Aquifer data for Kansas, Missouri, and Nebraska</srccontr>
</srcinfo>
<srcinfo>
<srccite>
<citeinfo>
<origin>Ryder, P.D. (comp.)</origin>
<pubdate>1996</pubdate>
<title>Ground Water Atlas of the United States-Segment 4: Oklahoma, Texas</title>
<edition>1.0</edition>
<geoform>Map</geoform>
<serinfo>
<sername>Hydrologic Investigations Atlas</sername>
<issue>HA 730-E</issue>
</serinfo>
<pubinfo>
<pubplace>Reston, VA</pubplace>
<publish>U.S. Geological Survey</publish>
</pubinfo>
</citeinfo>
</srccite>
<srcscale>2500000</srcscale>
<typesrc>Stable-base material</typesrc>
<srctime>
<timeinfo>
<sngdate>
<caldate>1996</caldate>
</sngdate>
</timeinfo>
<srccurr>Publication date</srccurr>
</srctime>
<srccitea>GWA HA 730-E</srccitea>
<srccontr>Aquifer data for Oklahoma and Texas</srccontr>
</srcinfo>
<srcinfo>
<srccite>
<citeinfo>
<origin>Renken, R.A. (comp.)</origin>
<pubdate>1998</pubdate>
<title>Ground Water Atlas of the United States-Segment 5: Arkansas,
Louisiana, Mississippi</title>
<edition>1.0</edition>
<geoform>Map</geoform>
<serinfo>
<sername>Hydrologic Investigations Atlas</sername>
<issue>HA 730-F</issue>
</serinfo>
<pubinfo>
<pubplace>Reston, VA</pubplace>
<publish>U.S. Geological Survey</publish>
</pubinfo>
</citeinfo>
</srccite>
<srcscale>2500000</srcscale>
<typesrc>Stable-base material</typesrc>
<srctime>
<timeinfo>
<sngdate>
<caldate>1998</caldate>
</sngdate>
</timeinfo>
<srccurr>Publication date</srccurr>
</srctime>
<srccitea>GWA HA 730-F</srccitea>
<srccontr>Aquifer data for Arkansas, Louisiana, and Mississippi</srccontr>
</srcinfo>
<srcinfo>
<srccite>
<citeinfo>
<origin>Miller, J.A. (comp.)</origin>
<pubdate>1990</pubdate>
<title>Ground Water Atlas of the United States-Segment 6: Alabama, Florida,
Georgia, and South Carolina</title>
<edition>1.0</edition>
<geoform>Map</geoform>
<serinfo>
<sername>Hydrologic Investigations Atlas</sername>
<issue>HA 730-G</issue>
</serinfo>
<pubinfo>
<pubplace>Reston, VA</pubplace>
<publish>U.S. Geological Survey</publish>
</pubinfo>
</citeinfo>
</srccite>
<srcscale>2500000</srcscale>
<typesrc>Stable-base material</typesrc>
<srctime>
<timeinfo>
<sngdate>
<caldate>1990</caldate>
</sngdate>
</timeinfo>
<srccurr>Publication date</srccurr>
</srctime>
<srccitea>GWA HA 730-G</srccitea>
<srccontr>Aquifer data for Alabama, Florida, Georgia, and South Carolina</srccontr>
</srcinfo>
<srcinfo>
<srccite>
<citeinfo>
<origin>Whitehead, R.L. (comp.)</origin>
<pubdate>1994</pubdate>
<title>Ground Water Atlas of the United States-Segment 7: Idaho, Oregon,
Washington</title>
<edition>1.0</edition>
<geoform>Map</geoform>
<serinfo>
<sername>Hydrologic Investigations Atlas</sername>
<issue>HA 730-H</issue>
</serinfo>
<pubinfo>
<pubplace>Reston, VA</pubplace>
<publish>U.S. Geological Survey</publish>
</pubinfo>
</citeinfo>
</srccite>
<srcscale>2500000</srcscale>
<typesrc>Stable-base material</typesrc>
<srctime>
<timeinfo>
<sngdate>
<caldate>1994</caldate>
</sngdate>
</timeinfo>
<srccurr>Publication date</srccurr>
</srctime>
<srccitea>GWA HA 730-H</srccitea>
<srccontr>Aquifer data for Idaho, Oregon, and Washington</srccontr>
</srcinfo>
<srcinfo>
<srccite>
<citeinfo>
<origin>Whitehead, R.L. (comp.)</origin>
<pubdate>1996</pubdate>
<title>Ground Water Atlas of the United States-Segment 8: Montana, North
Dakota, South Dakota, Wyoming</title>
<edition>1.0</edition>
<geoform>Map</geoform>
<serinfo>
<sername>Hydrologic Investigations Atlas</sername>
<issue>HA 730-I</issue>
</serinfo>
<pubinfo>
<pubplace>Reston, VA</pubplace>
<publish>U.S. Geological Survey</publish>
</pubinfo>
</citeinfo>
</srccite>
<srcscale>2500000</srcscale>
<typesrc>Stable-base material</typesrc>
<srctime>
<timeinfo>
<sngdate>
<caldate>1996</caldate>
</sngdate>
</timeinfo>
<srccurr>Publication date</srccurr>
</srctime>
<srccitea>GWA HA 730-I</srccitea>
<srccontr>Aquifer data for Montana, North Dakota, South Dakota, and Wyoming</srccontr>
</srcinfo>
<srcinfo>
<srccite>
<citeinfo>
<origin>Olcott, P.G. (comp.)</origin>
<pubdate>1992</pubdate>
<title>Ground Water Atlas of the United States-Segment 9: Iowa, Michigan,
Minnesota, Wisconsin</title>
<edition>1.0</edition>
<geoform>Map</geoform>
<serinfo>
<sername>Hydrologic Investigations Atlas</sername>
<issue>HA 730-J</issue>
</serinfo>
<pubinfo>
<pubplace>Reston, VA</pubplace>
<publish>U.S. Geological Survey</publish>
</pubinfo>
</citeinfo>
</srccite>
<srcscale>2500000</srcscale>
<typesrc>Stable-base material</typesrc>
<srctime>
<timeinfo>
<sngdate>
<caldate>1992</caldate>
</sngdate>
</timeinfo>
<srccurr>Publication date</srccurr>
</srctime>
<srccitea>GWA HA 730-J</srccitea>
<srccontr>Aquifer data for Iowa, Michigan, Minnesota, and Wisconsin</srccontr>
</srcinfo>
<srcinfo>
<srccite>
<citeinfo>
<origin>Lloyd, O.B., Jr. (comp.)</origin>
<origin>Lyke, W.L. (comp.)</origin>
<pubdate>1995</pubdate>
<title>Ground Water Atlas of the United States-Segment 10: Illinois,
Indiana, Kentucky, Ohio, Tennessee</title>
<edition>1.0</edition>
<geoform>Map</geoform>
<serinfo>
<sername>Hydrologic Investigations Atlas</sername>
<issue>HA 730-K</issue>
</serinfo>
<pubinfo>
<pubplace>Reston, VA</pubplace>
<publish>U.S. Geological Survey</publish>
</pubinfo>
</citeinfo>
</srccite>
<srcscale>2500000</srcscale>
<typesrc>Stable-base material</typesrc>
<srctime>
<timeinfo>
<sngdate>
<caldate>1995</caldate>
</sngdate>
</timeinfo>
<srccurr>Publication date</srccurr>
</srctime>
<srccitea>GWA HA 730-K</srccitea>
<srccontr>Aquifer data for Illinois, Indiana, Kentucky, Ohio, and Tennessee</srccontr>
</srcinfo>
<srcinfo>
<srccite>
<citeinfo>
<origin>Trapp, H., Jr. (comp.)</origin>
<origin>Horn, M.A. (comp.)</origin>
<pubdate>1997</pubdate>
<title>Ground Water Atlas of the United States-Segment 11: Delaware,
Maryland, New Jersey, North Carolina, Pennsylvania, Virginia, West
Virginia</title>
<edition>1.0</edition>
<geoform>Map</geoform>
<serinfo>
<sername>Hydrologic Investigations Atlas</sername>
<issue>HA 730-L</issue>
</serinfo>
<pubinfo>
<pubplace>Reston, VA</pubplace>
<publish>U.S. Geological Survey</publish>
</pubinfo>
</citeinfo>
</srccite>
<srcscale>2500000</srcscale>
<typesrc>Stable-base material</typesrc>
<srctime>
<timeinfo>
<sngdate>
<caldate>1997</caldate>
</sngdate>
</timeinfo>
<srccurr>Publication date</srccurr>
</srctime>
<srccitea>GWA HA 730-L</srccitea>
<srccontr>Aquifer data for Delaware, Maryland, New Jersey, North Carolina,
Pennsylvania, Virginia, and West Virginia</srccontr>
</srcinfo>
<srcinfo>
<srccite>
<citeinfo>
<origin>Olcott, P.G. (comp.)</origin>
<pubdate>1995</pubdate>
<title>Ground Water Atlas of the United States-Segment 12: Connecticut,
Maine, Massachusetts, New Hampshire, New York, Rhode Island, Vermont</title>
<edition>1.0</edition>
<geoform>Map</geoform>
<serinfo>
<sername>Hydrologic Investigations Atlas</sername>
<issue>HA 730-M</issue>
</serinfo>
<pubinfo>
<pubplace>Reston, VA</pubplace>
<publish>U.S. Geological Survey</publish>
</pubinfo>
</citeinfo>
</srccite>
<srcscale>2500000</srcscale>
<typesrc>Stable-base material</typesrc>
<srctime>
<timeinfo>
<sngdate>
<caldate>1995</caldate>
</sngdate>
</timeinfo>
<srccurr>Publication date</srccurr>
</srctime>
<srccitea>GWA HA 730-M</srccitea>
<srccontr>Aquifer data for Connecticut, Maine, Massachusetts, New Hampshire, New
York, Rhode Island, and Vermont</srccontr>
</srcinfo>
<srcinfo>
<srccite>
<citeinfo>
<origin>U.S. Geological Survey, Water Resources Division</origin>
<pubdate>Unpublished material</pubdate>
<title>National aquifers file</title>
<geoform>Map</geoform>
</citeinfo>
</srccite>
<srcscale>2500000</srcscale>
<typesrc>Internal file</typesrc>
<srctime>
<timeinfo>
<rngdates>
<begdate>1990</begdate>
<enddate>1993</enddate>
</rngdates>
</timeinfo>
<srccurr>Publication or compilation date</srccurr>
</srctime>
<srccitea>National aquifers file</srccitea>
<srccontr>Preliminary aquifer map of the 48 conterminous States.</srccontr>
</srcinfo>
<srcinfo>
<srccite>
<citeinfo>
<origin>National Atlas of the United States</origin>
<pubdate>1998</pubdate>
<title>State Boundaries of the United States</title>
<geoform>Map</geoform>
<pubinfo>
<pubplace>Reston,VA</pubplace>
<publish>U.S. Geological Survey</publish>
</pubinfo>
<onlink>&lt;http://nationalatlas.gov/atlasftp.html&gt;</onlink>
</citeinfo>
</srccite>
<srcscale>2000000</srcscale>
<typesrc>Online</typesrc>
<srctime>
<timeinfo>
<sngdate>
<caldate>1998</caldate>
</sngdate>
</timeinfo>
<srccurr>Publication date</srccurr>
</srctime>
<srccitea>Atlas-State boundaries</srccitea>
<srccontr>Coastline and international boundary</srccontr>
</srcinfo>
<srcinfo>
<srccite>
<citeinfo>
<origin>James. A. Miller (comp.)</origin>
<pubdate>19980701</pubdate>
<title>Principal Aquifers of the Conterminous United States</title>
<edition>1.0</edition>
<geoform>Map</geoform>
<pubinfo>
<pubplace>Madison, WI, USA</pubplace>
<publish>U.S. Geological Survey</publish>
</pubinfo>
</citeinfo>
</srccite>
<srcscale>2500000</srcscale>
<typesrc>Online</typesrc>
<srctime>
<timeinfo>
<sngdate>
<caldate>19980701</caldate>
</sngdate>
</timeinfo>
<srccurr>Publication date</srccurr>
</srctime>
<srccitea>Atlas-principal aquifers_1998</srccitea>
<srccontr>Aquifer data for the conterminous United States.</srccontr>
</srcinfo>
<srcinfo>
<srccite>
<citeinfo>
<origin>Oki, D.S. (comp.)</origin>
<origin>Gingerich, S.B. (comp.)</origin>
<origin>Whitehead, R.L. (comp.)</origin>
<pubdate>1999</pubdate>
<title>Ground Water Atlas of the United States-Segment 13: Alaska, Hawaii,
Puerto Rico and the U.S. Virgin Islands</title>
<edition>2.0</edition>
<geoform>Map</geoform>
<serinfo>
<sername>Hydrologic Investigations Atlas</sername>
<issue>HA 730-N</issue>
</serinfo>
<pubinfo>
<pubplace>Reston, VA</pubplace>
<publish>U.S. Geological Survey</publish>
</pubinfo>
</citeinfo>
</srccite>
<srcscale>1000000</srcscale>
<typesrc>Stable-base material</typesrc>
<srctime>
<timeinfo>
<sngdate>
<caldate>1999</caldate>
</sngdate>
</timeinfo>
<srccurr>Publication date</srccurr>
</srctime>
<srccitea>GWA HA 730-N-HI</srccitea>
<srccontr>Aquifer data for Hawaii.</srccontr>
</srcinfo>
<srcinfo>
<srccite>
<citeinfo>
<origin>Olcott, P.G. (comp.)</origin>
<pubdate>1999</pubdate>
<title>Ground Water Atlas of the United States-Segment 13: Alaska, Hawaii,
Puerto Rico and the U.S. Virgin Islands</title>
<edition>2.0</edition>
<geoform>Map</geoform>
<serinfo>
<sername>Hydrologic Investigations Atlas</sername>
<issue>HA 730-N</issue>
</serinfo>
<pubinfo>
<pubplace>Reston, VA</pubplace>
<publish>U.S. Geological Survey</publish>
</pubinfo>
</citeinfo>
</srccite>
<srcscale>500000</srcscale>
<typesrc>Stable-base material</typesrc>
<srctime>
<timeinfo>
<sngdate>
<caldate>1999</caldate>
</sngdate>
</timeinfo>
<srccurr>Publication date</srccurr>
</srctime>
<srccitea>GWA HA 730-N-PR</srccitea>
<srccontr>Aquifer data for Puerto Rico and the U.S. Virgin Islands.</srccontr>
</srcinfo>
<srcinfo>
<srccite>
<citeinfo>
<origin>Vaccaro, J.J. (comp.)</origin>
<origin>Jones, M.A. (comp.)</origin>
<pubdate>1998</pubdate>
<title>Hydrogeologic framework of the Puget Sound Aquifer system,
Washington and British Columbia</title>
<edition>1.0</edition>
<geoform>Map</geoform>
<serinfo>
<sername>Professional Paper</sername>
<issue>PP 1424-D</issue>
</serinfo>
<pubinfo>
<pubplace>Reston, VA</pubplace>
<publish>U.S. Geological Survey</publish>
</pubinfo>
</citeinfo>
</srccite>
<srcscale>2000000</srcscale>
<typesrc>CD-ROM</typesrc>
<srctime>
<timeinfo>
<sngdate>
<caldate>1998</caldate>
</sngdate>
</timeinfo>
<srccurr>Publication date</srccurr>
</srctime>
<srccitea>PP 1424-D</srccitea>
<srccontr>Dividing line between the Puget Sound Aquifer system and the Willamette
Lowland basin-fill aquifers.</srccontr>
</srcinfo>
<srcinfo>
<srccite>
<citeinfo>
<origin>Woodward, D.G. (comp.)</origin>
<origin>Gannett, M.W. (comp.)</origin>
<origin>Vaccaro, J.J. (comp.)</origin>
<pubdate>1998</pubdate>
<title>Hydrogeologic framework of the Willamette Lowland aquifer system,
Oregon and Washington</title>
<edition>1.0</edition>
<geoform>Map</geoform>
<serinfo>
<sername>Professional Paper</sername>
<issue>PP 1424-B</issue>
</serinfo>
<pubinfo>
<pubplace>Reston, VA</pubplace>
<publish>U.S. Geological Survey</publish>
</pubinfo>
</citeinfo>
</srccite>
<srcscale>250000</srcscale>
<typesrc>CD-ROM</typesrc>
<srctime>
<timeinfo>
<sngdate>
<caldate>1998</caldate>
</sngdate>
</timeinfo>
<srccurr>Publication date</srccurr>
</srctime>
<srccitea>PP 1424-B</srccitea>
<srccontr>Dividing line between the Puget Sound Aquifer system and the Willamette
Lowland basin-fill aquifers.</srccontr>
</srcinfo>
<srcinfo>
<srccite>
<citeinfo>
<origin>Westjohn, D.B. (comp.)</origin>
<origin>Weaver, T.L. (comp.)</origin>
<pubdate>1998</pubdate>
<title>Hydrogeologic framework of the Michigan Basin regional aquifer
System.</title>
<edition>1.0</edition>
<geoform>Map</geoform>
<serinfo>
<sername>Professional Paper</sername>
<issue>PP 1418</issue>
</serinfo>
<pubinfo>
<pubplace>Reston, VA</pubplace>
<publish>U.S. Geological Survey</publish>
</pubinfo>
</citeinfo>
</srccite>
<typesrc>CD-ROM</typesrc>
<srctime>
<timeinfo>
<sngdate>
<caldate>1998</caldate>
</sngdate>
</timeinfo>
<srccurr>Publication date</srccurr>
</srctime>
<srccitea>PP 1418</srccitea>
<srccontr>Name change for the Marshall aquifer.</srccontr>
</srcinfo>
<srcinfo>
<srccite>
<citeinfo>
<origin>Batten, W.G. (comp.)</origin>
<origin>Brown, T.A. (comp.)</origin>
<origin>Mills, P.C. (comp.)</origin>
<origin>Sabin, T.J. (comp.)</origin>
<pubdate>1997</pubdate>
<title>Rock-stratigraphic nomenclature, lithology, and subcrop area of the
Galena-Platteville bedrock unit in Illinois and Wisconsin.</title>
<edition>1.0</edition>
<geoform>Map</geoform>
<serinfo>
<sername>Water Resources Investigations Report</sername>
<issue>WRIR 97-4054-B, 1 sheet</issue>
</serinfo>
<pubinfo>
<pubplace>Reston, VA</pubplace>
<publish>U.S. Geological Survey</publish>
</pubinfo>
</citeinfo>
</srccite>
<srcscale>500000</srcscale>
<typesrc>CD-ROM</typesrc>
<srctime>
<timeinfo>
<sngdate>
<caldate>1997</caldate>
</sngdate>
</timeinfo>
<srccurr>Publication date</srccurr>
</srctime>
<srccitea>WRIR</srccitea>
<srccontr>Aquifer data for the Cambrian-Ordovician Aquifer System extension in
Illinois.</srccontr>
</srcinfo>
<srcinfo>
<srccite>
<citeinfo>
<origin>U.S. Geological Survey</origin>
<pubdate>Unpublished material</pubdate>
<title>Hawaii Aquifers</title>
</citeinfo>
</srccite>
<srcscale>2500000</srcscale>
<typesrc>Internal file</typesrc>
<srctime>
<timeinfo>
<sngdate>
<caldate>2000</caldate>
</sngdate>
</timeinfo>
<srccurr>Compilation date</srccurr>
</srctime>
<srccitea>Hawaii aquifers</srccitea>
<srccontr>Aquifers for Hawaii.</srccontr>
</srcinfo>
<srcinfo>
<srccite>
<citeinfo>
<origin>U.S. Geological Survey</origin>
<pubdate>Unpublished material</pubdate>
<title>Caribbean Aquifers</title>
</citeinfo>
</srccite>
<srcscale>2500000</srcscale>
<typesrc>Internal file</typesrc>
<srctime>
<timeinfo>
<sngdate>
<caldate>2000</caldate>
</sngdate>
</timeinfo>
<srccurr>Compilation date</srccurr>
</srctime>
<srccitea>Caribbean aquifers</srccitea>
<srccontr>Aquifers for Puerto Rico and the U.S. Virgin Islands.</srccontr>
</srcinfo>
<srcinfo>
<srccite>
<citeinfo>
<origin>U.S. Geological Survey</origin>
<pubdate>Unpublished material</pubdate>
<title>Principal Aquifers intermediate file</title>
</citeinfo>
</srccite>
<srcscale>2500000</srcscale>
<typesrc>Internal file</typesrc>
<srctime>
<timeinfo>
<sngdate>
<caldate>2001</caldate>
</sngdate>
</timeinfo>
<srccurr>Compilation date</srccurr>
</srctime>
<srccitea>Principal aquifers 2001 intermediate file</srccitea>
<srccontr>Aquifer data for the conterminous United States.</srccontr>
</srcinfo>
<procstep>
<procdesc>Aquifer outcrop line work for each GWA chapter was compiled on mylar at a scale of 1:2,000,000, and reduced to 1:2,500,000 for further production work.  For chapters HA 730-G, -H, and -J, the outcrop lines were scribed at a line width of 0.006 inch.  Film positives made from the scribed materials were scanned on a drum scanner, vectorized, and converted to Arc/INFO coverages.  For chapters HA 730-B, -C, -D, -E, -F, -I, -K, -L, and -M, the aquifer compilation was either hand digitized, and (or) scanned on a drum scanner, vectorized and converted to Arc/INFO coverages.  The data were then checked, cleaned up, and attribute creation was done.

The Arc/INFO coverages were plotted and checked against the source compilations.  Polygons were attributed using Arcedit.  The coverages for GWA chapters HA 730-B, -C, -D, -E, -F, -I, -K, -L, and -M were used to generate output files that were imported into Adobe Illustrator for map publication.  Each completed map, at a scale of 1:2,500,000, was reviewed for content and accuracy by the chapter lead cartographer, Water Resources Discipline Geohydrologic Map Editor, and chapter author.

Individual chapter coverages were appended into one continuous coverage. Arcedit was used for edgematching and to remove duplicate labels.  No DISSOLVE was done on the coverage; an equivalent of a DISSOLVE was done manually in Arcedit in conjunction with attribute checking, by removing arcs that divided adjacent polygons with the same attributes.  Several iterations of editing were performed.  These mostly involved ensuring all polygons had labels and aquifer information and ensuring polygons had correct aquifer information.  No polygons were removed for generalization.</procdesc>
<srcused>HA 730-B</srcused>
<srcused>HA 730-C</srcused>
<srcused>HA 730-D</srcused>
<srcused>HA 730-E</srcused>
<srcused>HA 730-F</srcused>
<srcused>HA 730-G</srcused>
<srcused>HA 730-H</srcused>
<srcused>HA 730-I</srcused>
<srcused>HA 730-J</srcused>
<srcused>HA 730-K</srcused>
<srcused>HA 730-L</srcused>
<srcused>HA 730-M</srcused>
<procdate>1993</procdate>
<srcprod>National aquifers file</srcprod>
</procstep>
<procstep>
<procdesc>Plots of the national aquifers file were made at 1:2,500,000, covering the areas of the regional GWA chapters.  Each plot was compared to the printed GWA chapter aquifer maps.  Where applicable (chapters HA 730-B, -C, -D, -E, -F, -I, -K, - L, and -M), an Adobe Illustrator file of the coverage data was compared on-screen with the Illustrator file used to print the published map.  Discrepancies between the coverage file and print file were noted, and the coverage updated to match the published map.  Where a line appeared to shift noticeably (approximately 1/8 inch at a scale of 1:2,500,000) across the boundary of two adjacent GWA chapter regions, the line was adjusted for a smoother appearance.  The adjustments may have been made on one or both sides of the region boundary, depending on a cartographic assessment of the instance.

Coastline Location

The 1:2,500,000 principal aquifer maps in the Ground Water Atlas publications used a coastline and international boundary, derived either from the map separates from the National Atlas of the United States of America (published 1970), or from the Digital Line Graph (DLG) data created from the 1970 National Atlas.  GWA chapters HA 730-G, -J, and -H used coastline and boundary filmwork  photo-mechanically reduced from the 1:2,000,000 National Atlas map separates.  The remaining chapters used coastline and boundary data from the DLG's.  A revision of the DLG data took place in 1997, after the creation of the chapter aquifer map data.

After the edgematching, a decision was made to replace the coast and international boundary of this national-level aquifer data with one derived from a newer version of 1997 DLG data.  State boundary data from the National Atlas was used to provide the coastline and two aquifer boundaries that coincide with State lines.

The existing outline (coastline and international boundary line) was removed, the new outline added to the coverage, and the remaining aquifer contact lines snapped to the new outline.  The coverage was re-cleaned, data categories checked onscreen and with plots, and corrected. Line and labeling corrections, such as undershoots, overshoots, and improper labels were corrected in Arcedit.

There are some slight locational differences between this map layer and the printed GWA chapters.  For example, there are  several small differences in the number of small islands in coastal areas and the categorization of these small islands was assigned to either the nearby principal aquifer category or as Not a principal aquifer, depending on the location and categorization of similar small islands in the printed GWA chapters.  There are other differences in the categorization of some land/shoreline-related features. For example, an area symbolized as a bay in a GWA chapter may be land in this map layer.

Western Montana

During the review of a printed map made from this national-level aquifer data, the compiler, James A. Miller, requested a change in the representation of aquifers in western Montana.  The area affected is in the following counties: Lincoln, Flathead, Sanders, Lake, Mineral, Missoula, Powell, Ravalli, Granite, Lewis and Clark, Deer Lodge, Silver Bow, Jefferson,  Broadwater, Gallatin, Beavershead, and Madison.  These areas fall under the Northern Rocky Mountain Intermontane Basins Regional Aquifer Systems Analysis (RASA).  With one exception, the aquifers, as shown in GWA chapter I, figure 7 in the listed counties were removed and replaced with unconsolidated-deposit areas as shown in GWA chapter HA 730-I, figure 6.  The exception is an area in northern Flathead county, listed as an Upper Tertiary aquifer in GWA chapter I, figure 7, that was retained as an area but reclassified as a Lower Tertiary aquifer.</procdesc>
<srcused>National aquifer file</srcused>
<srcused>HA 730-B</srcused>
<srcused>HA 730-C</srcused>
<srcused>HA 730-D</srcused>
<srcused>HA 730-E</srcused>
<srcused>HA 730-F</srcused>
<srcused>HA 730-G</srcused>
<srcused>HA 730-H</srcused>
<srcused>HA 730-I</srcused>
<srcused>HA 730-J</srcused>
<srcused>HA 730-K</srcused>
<srcused>HA 730-L</srcused>
<srcused>HA 730-M</srcused>
<srcused>Atlas-State boundaries</srcused>
<procdate>1997</procdate>
<srcprod>Atlas-principal Aquifers_1998</srcprod>
</procstep>
<procstep>
<procdesc>Aquifer data was taken from digital files created in Adobe Illustrator for Ground Water Atlas chapter HA 730-N of Hawaii, Puerto Rico, and the U.S. Virgin Islands.  Where polygons ended at the shoreline, National Atlas State boundaries were used.  The final Illustrator file was exported into a DXF file.  The DXF file was converted to a coverage. Using the TRANSFORM command, the coverage containing the aquifer lines was rubber-sheeted to the coverage containing registration tics, and was then projected from geographic coordinates to Albers Equal-Area Conic projection for verification purposes.  The aquifer coverage was cleaned, the topology was built, and labels were added.  Attributes were added as necessary.</procdesc>
<srcused>Atlas-State boundaries</srcused>
<srcused>GWA HA 730-N-HI</srcused>
<procdate>2000</procdate>
<srcprod>Hawaii aquifers</srcprod>
</procstep>
<procstep>
<procdesc>Aquifer data was taken from digital files created in Adobe Illustrator for Ground Water Atlas chapter HA 730-N of Hawaii, Puerto Rico, and the U.S. Virgin Islands.  Where polygons ended at the shoreline, National Atlas State boundaries were used.  The final Illustrator file was exported into a DXF file.  The DXF file was converted to a coverage. Using the TRANSFORM command, the coverage containing the aquifer lines was rubber-sheeted to the coverage containing registration tics, and was then projected from geographic coordinates to Albers Equal-Area Conic projection for verification purposes.  The aquifer coverage was cleaned, the topology was built, and labels were added.  Attributes were added as necessary.</procdesc>
<srcused>Atlas-State boundaries</srcused>
<srcused>GWA HA 730-N-PR</srcused>
<procdate>2000</procdate>
<srcprod>Caribbean aquifers</srcprod>
</procstep>
<procstep>
<procdesc>The Principal Aquifers map published in 1998 was reviewed and modified, resulting in 57 aquifers, 36 of which were the same geographically as in the 1998 publication.  Aquifers were aggregated, divided, renamed and updated from more recent publications, using a variety of techniques, which include scanning, importing unpublished digital data and paper compilation at 1:2,500,000 scale.  The updated Adobe Illustrator aquifer data was exported into a DXF file.  The DXF file was converted to a coverage.  Using the TRANSFORM command, the coverage containing the aquifer lines was rubber-sheeted to the coverage containing registration tics, and was then projected from geographic coordinates to Albers Equal-Area Conic projection for verification purposes.  The aquifer coverage was cleaned, the topology was built, and labels were added. Attributes were added as necessary.</procdesc>
<srcused>Atlas-principal Aquifers_1998</srcused>
<srcused>HA 730-B</srcused>
<srcused>HA 730-C</srcused>
<srcused>HA 730-D</srcused>
<srcused>HA 730-E</srcused>
<srcused>HA 730-F</srcused>
<srcused>HA 730-G</srcused>
<srcused>HA 730-H</srcused>
<srcused>HA 730-I</srcused>
<srcused>HA 730-J</srcused>
<srcused>HA 730-K</srcused>
<srcused>HA 730-L</srcused>
<srcused>HA 730-M</srcused>
<srcused>PP 1424-D</srcused>
<srcused>PP 1424-B</srcused>
<srcused>PP 1418</srcused>
<srcused>WRIR</srcused>
<procdate>2001</procdate>
<srcprod>Principal aquifers 2001 intermediate file</srcprod>
</procstep>
<procstep>
<procdesc>The Principal Aquifers coverages of Hawaii, Puerto Rico, and the U.S. Virgin Islands were merged with the coverage of the conterminous United States.  The coverage was read into ArcGIS and both a personal geodatabase and a shapefile were created.</procdesc>
<srcused>Principal aquifers 2001 intermediate file</srcused>
<srcused>Hawaii aquifers</srcused>
<srcused>Caribbean aquifers</srcused>
<procdate>2003</procdate>
</procstep>
</lineage>
</dataqual>
<spdoinfo>
<direct>Vector</direct>
<ptvctinf>
<sdtsterm>
<sdtstype>G-polygon</sdtstype>
<ptvctcnt>4637</ptvctcnt>
</sdtsterm>
</ptvctinf>
</spdoinfo>
<spref>
<horizsys>
<geograph>
<latres>0.000278</latres>
<longres>0.000278</longres>
<geogunit>Decimal degrees</geogunit>
</geograph>
<geodetic>
<horizdn>North American Datum of 1983</horizdn>
<ellips>GRS1980</ellips>
<semiaxis>6378137.0</semiaxis>
<denflat>298.257222</denflat>
</geodetic>
</horizsys>
</spref>
<eainfo>
<detailed>
<enttyp>
<enttypl>
aquifrp025</enttypl>
<enttypd>A formation, group of formations, or part of a formation that contains
sufficient saturated permeable material to yield significant quantities
of water to wells and springs.</enttypd>
<enttypds>U.S. Geological Survey</enttypds>
</enttyp>
<attr>
<attrlabl>FID</attrlabl>
<attrdef>Internal feature number.</attrdef>
<attrdefs>ESRI</attrdefs>
<attrdomv>
<udom>Sequential unique whole numbers that are automatically generated.</udom>
</attrdomv>
</attr>
<attr>
<attrlabl>OBJECTID</attrlabl>
<attrdef>Internal feature number.</attrdef>
<attrdefs>U.S. Geological Survey</attrdefs>
<attrdomv>
<rdom>
<rdommin>1</rdommin>
<rdommax>4637</rdommax>
</rdom>
</attrdomv>
</attr>
<attr>
<attrlabl>Shape</attrlabl>
<attrdef>The representation of the entity in the data.</attrdef>
<attrdefs>U.S. Geological Survey</attrdefs>
<attrdomv>
<edom>
<edomv>Polygon</edomv>
<edomvd>2-dimensional element</edomvd>
<edomvds>ESRI GIS software</edomvds>
</edom>
</attrdomv>
</attr>
<attr>
<attrlabl>ROCK_NAME</attrlabl>
<attrdef>The name of the permeable geologic material that composes the aquifer.</attrdef>
<attrdefs>U.S. Geological Survey</attrdefs>
<attrdomv>
<edom>
<edomv>Carbonate-rock aquifers</edomv>
<edomvd>Formations composed of limestone and (or) dolomite.</edomvd>
<edomvds>U.S. Geological Survey</edomvds>
</edom>
</attrdomv>
<attrdomv>
<edom>
<edomv>Igneous and metamorphic-rock aquifers</edomv>
<edomvd>Formations composed of volcanic rocks.</edomvd>
<edomvds>U.S. Geological Survey</edomvds>
</edom>
</attrdomv>
<attrdomv>
<edom>
<edomv>Sandstone and carbonate-rock aquifers</edomv>
<edomvd>Formations composed of sandstone, limestone, and (or) dolomite.</edomvd>
<edomvds>U.S. Geological Survey</edomvds>
</edom>
</attrdomv>
<attrdomv>
<edom>
<edomv>Sandstone aquifers</edomv>
<edomvd>Formations composed of sandstone.</edomvd>
<edomvds>U.S. Geological Survey</edomvds>
</edom>
</attrdomv>
<attrdomv>
<edom>
<edomv>Semiconsolidated sand aquifers</edomv>
<edomvd>Formations partially solidified sand.</edomvd>
<edomvds>U.S. Geological Survey</edomvds>
</edom>
</attrdomv>
<attrdomv>
<edom>
<edomv>Unconsolidated sand and gravel aquifers</edomv>
<edomvd>Formations composed of loose sand and gravel.</edomvd>
<edomvds>U.S. Geological Survey</edomvds>
</edom>
</attrdomv>
<attrdomv>
<edom>
<edomv>&lt;blank&gt;</edomv>
<edomvd>Other rocks.  Rocks that are generally poorly permeable but locally
may contain productive aquifers.</edomvd>
<edomvds>U.S. Geological Survey</edomvds>
</edom>
</attrdomv>
</attr>
<attr>
<attrlabl>ROCK_TYPE</attrlabl>
<attrdef>The code number relating to the rock_name.</attrdef>
<attrdefs>U.S. Geological Survey</attrdefs>
<attrdomv>
<edom>
<edomv>100</edomv>
<edomvd>Unconsolidated sand and gravel aquifers.</edomvd>
<edomvds>U.S. Geological Survey</edomvds>
</edom>
</attrdomv>
<attrdomv>
<edom>
<edomv>200</edomv>
<edomvd>Semiconsolidated sand aquifers.</edomvd>
<edomvds>U.S. Geological Survey</edomvds>
</edom>
</attrdomv>
<attrdomv>
<edom>
<edomv>300</edomv>
<edomvd>Sandstone aquifers.</edomvd>
<edomvds>U.S. Geological Survey</edomvds>
</edom>
</attrdomv>
<attrdomv>
<edom>
<edomv>400</edomv>
<edomvd>Carbonate-rock aquifers.</edomvd>
<edomvds>U.S. Geological Survey</edomvds>
</edom>
</attrdomv>
<attrdomv>
<edom>
<edomv>500</edomv>
<edomvd>Sandstone and carbonate-rock aquifers.</edomvd>
<edomvds>U.S. Geological Survey</edomvds>
</edom>
</attrdomv>
<attrdomv>
<edom>
<edomv>600</edomv>
<edomvd>Igneous and metamorphic-rock aquifers.</edomvd>
<edomvds>U.S. Geological Survey</edomvds>
</edom>
</attrdomv>
<attrdomv>
<edom>
<edomv>999</edomv>
<edomvd>Areas that are other rocks.</edomvd>
<edomvds>U.S. Geological Survey</edomvds>
</edom>
</attrdomv>
</attr>
<attr>
<attrlabl>AQ_NAME</attrlabl>
<attrdef>The aquifer unit name.</attrdef>
<attrdefs>U.S. Geological Survey</attrdefs>
<attrdomv>
<edom>
<edomv>(see table below)</edomv>
<edomvd>The names used in this map layer are listed below.  There should be
a direct correlation between the values of the rock_type and
rock_name attributes, and between the aq_name and aq_code
attributes.  The aq_names are as follows:
&gt;aq_code -- aq_name
&gt;101 -- Basin and Range basin-fill aquifers
&gt;102 -- Rio Grande aquifer system
&gt;103 -- California Coastal Basin aquifers
&gt;104 -- Pacific Northwest basin-fill aquifers
&gt;105 -- Northern Rocky Mountains Intermontane Basins aquifer system
&gt;106 -- Central Valley aquifer system
&gt;107 -- High Plains aquifer
&gt;108 -- Pecos River Basin alluvial aquifer
&gt;109 -- Mississippi River Valley alluvial aquifer
&gt;110 -- Seymour aquifer
&gt;111 -- Surficial aquifer system
&gt;112 - Puget Sound aquifer system
&gt;114 - Puerto Rico south coast aquifer
&gt;115 - Willamette Lowland basin-fill aquifers
&gt;116 - Columbia Plateau basin-fill aquifers
&gt;117 - Snake River Plain basin-fill aquifers
&gt;201 -- Coastal lowlands aquifer system
&gt;202 -- Texas coastal uplands aquifer system
&gt;203 -- Mississippi embayment aquifer system
&gt;204 -- Southeastern Coastal Plain aquifer system
&gt;205 -- Northern Atlantic Coastal Plain aquifer system
&gt;301 -- Colorado Plateaus aquifers
&gt;302 -- Denver Basin aquifer system
&gt;304 -- Lower Cretaceous aquifers
&gt;305 -- Rush Springs aquifer
&gt;306 -- Central Oklahoma aquifer
&gt;307 -- Ada-Vamoosa aquifer
&gt;308 -- Early Mesozoic basin aquifers
&gt;309 -- New York sandstone aquifers
&gt;310 -- Pennsylvanian aquifers
&gt;311 -- Marshall aquifer
&gt;312 -- Cambrian-Ordovician aquifer system
&gt;313 -- Jacobsville aquifer
&gt;314 -- Lower Tertiary aquifers
&gt;315 -- Upper Cretaceous aquifers
&gt;316 - Wyoming Tertiary aquifers
&gt;401 -- Basin and Range carbonate-rock aquifers
&gt;402 -- Roswell Basin aquifer system
&gt;405 -- Ozark Plateaus aquifer system
&gt;406 -- Blaine aquifer
&gt;407 -- Arbuckle-Simpson aquifer
&gt;410 -- Silurian-Devonian aquifers
&gt;411 -- Ordovician aquifers
&gt;412 -- Upper carbonate aquifer
&gt;413 -- Floridan aquifer system
&gt;414 -- Biscayne aquifer
&gt;416 -- New York and New England carbonate-rock aquifers
&gt;417 -- Piedmont and Blue Ridge carbonate-rock aquifers
&gt;418 -- Castle Hayne aquifer
&gt;419 - Puerto Rico North Coast Limestone aquifer system
&gt;420 - Kingshill aquifer
&gt;501 -- Edwards-Trinity aquifer system
&gt;502 -- Valley and Ridge aquifers
&gt;503 -- Mississippian aquifers
&gt;504 -- Paleozoic aquifers
&gt;505 -- Valley and Ridge carbonate-rock aquifers
&gt;601 -- Southern Nevada volcanic-rock aquifers
&gt;606 -- Snake River Plain basaltic-rock aquifers
&gt;607 -- Columbia Plateau basaltic-rock aquifers
&gt;608 -- Hawaiian Volcanic-rock aquifers
&gt;609 - Hawaiian Sedimentary deposit aquifers
&gt;610 - Pacific Northwest basaltic-rock aquifers
&gt;611 - Piedmont and Blue Ridge crystalline-rock aquifers
&gt;999 - Other rocks.  Rocks that are generally poorly permeable but
&gt;         locally may contain productive aquifers.</edomvd>
<edomvds>U.S. Geological Survey</edomvds>
</edom>
</attrdomv>
</attr>
<attr>
<attrlabl>AQ_CODE</attrlabl>
<attrdef>The code number relating to the aquifer unit name.  There should be a
direct correlation between the values of the Rock_type and Rock_name
attributes, and between the Aq_name and Aq_code attributes.  See table
above under Aq_name.</attrdef>
<attrdefs>U.S. Geological Survey</attrdefs>
<attrdomv>
<rdom>
<rdommin>101</rdommin>
<rdommax>999</rdommax>
</rdom>
</attrdomv>
</attr>
<attr>
<attrlabl>Shape_Leng</attrlabl>
<attrdef>The perimeter of the shape in file units.  In the distributed file,
file units represent decimal degrees.</attrdef>
<attrdefs>U.S. Geological Survey</attrdefs>
<attrdomv>
<rdom>
<rdommin>0.00227382883</rdommin>
<rdommax>606.73264435600</rdommax>
</rdom>
</attrdomv>
</attr>
<attr>
<attrlabl>Shape_Area</attrlabl>
<attrdef>The size of the shape in file units.  In the distributed file,
file units represent square decimal degrees.</attrdef>
<attrdefs>U.S. Geological Survey</attrdefs>
<attrdomv>
<rdom>
<rdommin>0.00000020307</rdommin>
<rdommax>56.31953779930</rdommax>
</rdom>
</attrdomv>
</attr>
</detailed>
</eainfo>
<distinfo>
<distrib>
<cntinfo>
<cntorgp>
<cntorg>U.S. Geological Survey, Water Resources Division</cntorg>
</cntorgp>
<cntaddr>
<addrtype>mailing address</addrtype>
<address>12201 Sunrise Valley Drive</address>
<city>Reston</city>
<state>VA</state>
<postal>20192</postal>
<country>USA</country>
</cntaddr>
<cntvoice>1-800-426-9000</cntvoice>
</cntinfo>
</distrib>
<distliab>Although these data have been processed successfully on a computer system at the U.S. Geological Survey, no warranty expressed or implied is made by the U.S. Geological Survey regarding the utility of the data on any other system, nor shall the act of distribution constitute any such warranty.</distliab>
<stdorder>
<digform>
<digtinfo>
<formname>ESRI Personal Geodatabase</formname>
<transize>9.700</transize>
</digtinfo>
<digtopt>
<onlinopt>
<computer>
<networka>
<networkr>&lt;http://nationalatlas.gov/atlasftp.html&gt;</networkr>
</networka>
</computer>
</onlinopt>
</digtopt>
</digform>
<digform>
<digtinfo>
<formname>ESRI Shapefile</formname>
<transize>9.700</transize>
</digtinfo>
<digtopt>
<onlinopt>
<computer>
<networka>
<networkr>&lt;http://nationalatlas.gov/atlasftp.html&gt;</networkr>
</networka>
</computer>
</onlinopt>
</digtopt>
</digform>
<digform>
<digtinfo>
<formname>SDTS</formname>
<transize>9.700</transize>
</digtinfo>
<digtopt>
<onlinopt>
<computer>
<networka>
<networkr>&lt;http://nationalatlas.gov/atlasftp.html&gt;</networkr>
</networka>
</computer>
</onlinopt>
</digtopt>
</digform>
<fees>There is no charge for the map layer.</fees>
</stdorder>
</distinfo>
<metainfo>
<metd>20081027</metd>
<metc>
<cntinfo>
<cntorgp>
<cntorg>U.S. Geological Survey</cntorg>
<cntper>Chief, Cartographic and Publications Program, Water Resources Division</cntper>
</cntorgp>
<cntaddr>
<addrtype>Mailing and physical address</addrtype>
<address>505 Science Drive</address>
<city>Madison</city>
<state>WI</state>
<postal>53711</postal>
<country>USA</country>
</cntaddr>
<cntvoice>608-238-9333</cntvoice>
</cntinfo>
</metc>
<metstdn>FGDC Content Standards for Digital Geospatial Metadata</metstdn>
<metstdv>FGDC-STD-001-1998</metstdv>
<mettc>local time</mettc>
<metsi>
<metscs>None</metscs>
<metsc>Unclassified</metsc>
<metshd>None</metshd>
</metsi>
<metextns>
<onlink>http://www.esri.com/metadata/esriprof80.html</onlink>
<metprof>ESRI Metadata Profile</metprof>
</metextns>
<metextns>
<onlink>http://www.esri.com/metadata/esriprof80.html</onlink>
<metprof>ESRI Metadata Profile</metprof>
</metextns>
</metainfo>
</metadata>
