<metadata xml:lang="en"><Esri><CreaDate>20161017</CreaDate><CreaTime>15523800</CreaTime><ArcGISFormat>1.0</ArcGISFormat><ArcGISstyle>FGDC CSDGM Metadata</ArcGISstyle><SyncOnce>FALSE</SyncOnce><DataProperties><lineage><Process ToolSource="c:\program files (x86)\arcgis\desktop10.2\ArcToolbox\Toolboxes\Data Management Tools.tbx\Append" Date="20160908" Time="110658">Append GWBasins_modifications20160906 GWBasins_modifications20160908 NO_TEST "Basin_ID "Basin_ID" true true false 12 Text 0 0 ,First,#,\\nasdpla\rio\Share\RPBranch\SustainableGroundwaterManagement\BasinBoundaries\Project_P1\P1_Boundary_Adjustments\P1_Boundary_Adjustments.gdb\Basin_Boundaries\GWBasins_modifications20160906,Basin_ID,-1,-1;Basin_Subbasin_ID "Basin_Subbasin_ID" true true false 50 Text 0 0 ,First,#,\\nasdpla\rio\Share\RPBranch\SustainableGroundwaterManagement\BasinBoundaries\Project_P1\P1_Boundary_Adjustments\P1_Boundary_Adjustments.gdb\Basin_Boundaries\GWBasins_modifications20160906,Basin_Subbasin_ID,-1,-1;Basin_Subbasin_ID_2003 "Basin_Subbasin_ID_2003" true true false 12 Text 0 0 ,First,#,\\nasdpla\rio\Share\RPBranch\SustainableGroundwaterManagement\BasinBoundaries\Project_P1\P1_Boundary_Adjustments\P1_Boundary_Adjustments.gdb\Basin_Boundaries\GWBasins_modifications20160906,Basin_Subbasin_ID_2003,-1,-1;Basin_Name "Basin_Name" true true false 50 Text 0 0 ,First,#,\\nasdpla\rio\Share\RPBranch\SustainableGroundwaterManagement\BasinBoundaries\Project_P1\P1_Boundary_Adjustments\P1_Boundary_Adjustments.gdb\Basin_Boundaries\GWBasins_modifications20160906,Basin_Name,-1,-1;Subbasin_Name "Subbasin_Name" true true false 50 Text 0 0 ,First,#,\\nasdpla\rio\Share\RPBranch\SustainableGroundwaterManagement\BasinBoundaries\Project_P1\P1_Boundary_Adjustments\P1_Boundary_Adjustments.gdb\Basin_Boundaries\GWBasins_modifications20160906,Subbasin_Name,-1,-1;Region_Office "Region_Office" true true false 50 Text 0 0 ,First,#;Date_Record_Last_Edited "Date_Record_Last_Edited" true true false 8 Date 0 0 ,First,#,\\nasdpla\rio\Share\RPBranch\SustainableGroundwaterManagement\BasinBoundaries\Project_P1\P1_Boundary_Adjustments\P1_Boundary_Adjustments.gdb\Basin_Boundaries\GWBasins_modifications20160906,Date_Record_Last_Edited,-1,-1;Record_Edited_By "Record_Edited_Byt" true true false 25 Text 0 0 ,First,#,\\nasdpla\rio\Share\RPBranch\SustainableGroundwaterManagement\BasinBoundaries\Project_P1\P1_Boundary_Adjustments\P1_Boundary_Adjustments.gdb\Basin_Boundaries\GWBasins_modifications20160906,Record_Edited_By,-1,-1;Comments "Comments" true true false 300 Text 0 0 ,First,#,\\nasdpla\rio\Share\RPBranch\SustainableGroundwaterManagement\BasinBoundaries\Project_P1\P1_Boundary_Adjustments\P1_Boundary_Adjustments.gdb\Basin_Boundaries\GWBasins_modifications20160906,Comments_2,-1,-1;Report "Report" true true false 300 Text 0 0 ,First,#;Date_Data_Applies_To "Date_Data_Applies_To" true true false 50 Text 0 0 ,First,#;SHAPE_Length "SHAPE_Length" false true true 8 Double 0 0 ,First,#,\\nasdpla\rio\Share\RPBranch\SustainableGroundwaterManagement\BasinBoundaries\Project_P1\P1_Boundary_Adjustments\P1_Boundary_Adjustments.gdb\Basin_Boundaries\GWBasins_modifications20160906,Shape_Length,-1,-1;SHAPE_Area "SHAPE_Area" false true true 8 Double 0 0 ,First,#,\\nasdpla\rio\Share\RPBranch\SustainableGroundwaterManagement\BasinBoundaries\Project_P1\P1_Boundary_Adjustments\P1_Boundary_Adjustments.gdb\Basin_Boundaries\GWBasins_modifications20160906,Shape_Area,-1,-1" #</Process><Process ToolSource="c:\program files (x86)\arcgis\desktop10.3\ArcToolbox\Toolboxes\Conversion Tools.tbx\FeatureClassToFeatureClass" Date="20161018" Time="090150">FeatureClassToFeatureClass \\nasdpla\RIO\Share\RPBranch\SustainableGroundwaterManagement\BasinBoundaries\Project_P1\P1_Boundary_Adjustments\P1_Boundary_Adjustments.gdb\Basin_Boundaries\GWBasins_modifications20161017 C:\Users\acuthber\Desktop\B118_final i08_B118_CA_GroundwaterBasins.shp # "Basin_ID "Basin_ID" true true false 12 Text 0 0 ,First,#,\\nasdpla\RIO\Share\RPBranch\SustainableGroundwaterManagement\BasinBoundaries\Project_P1\P1_Boundary_Adjustments\P1_Boundary_Adjustments.gdb\Basin_Boundaries\GWBasins_modifications20161017,Basin_ID,-1,-1;Basin_Subb "Basin_Subbasin_ID" true true false 50 Text 0 0 ,First,#,\\nasdpla\RIO\Share\RPBranch\SustainableGroundwaterManagement\BasinBoundaries\Project_P1\P1_Boundary_Adjustments\P1_Boundary_Adjustments.gdb\Basin_Boundaries\GWBasins_modifications20161017,Basin_Subbasin_ID,-1,-1;Basin_Su_1 "Basin_Subbasin_ID_2003" true true false 12 Text 0 0 ,First,#,\\nasdpla\RIO\Share\RPBranch\SustainableGroundwaterManagement\BasinBoundaries\Project_P1\P1_Boundary_Adjustments\P1_Boundary_Adjustments.gdb\Basin_Boundaries\GWBasins_modifications20161017,Basin_Subbasin_ID_2003,-1,-1;Basin_Name "Basin_Name" true true false 50 Text 0 0 ,First,#,\\nasdpla\RIO\Share\RPBranch\SustainableGroundwaterManagement\BasinBoundaries\Project_P1\P1_Boundary_Adjustments\P1_Boundary_Adjustments.gdb\Basin_Boundaries\GWBasins_modifications20161017,Basin_Name,-1,-1;Subbasin_N "Subbasin_Name" true true false 50 Text 0 0 ,First,#,\\nasdpla\RIO\Share\RPBranch\SustainableGroundwaterManagement\BasinBoundaries\Project_P1\P1_Boundary_Adjustments\P1_Boundary_Adjustments.gdb\Basin_Boundaries\GWBasins_modifications20161017,Subbasin_Name,-1,-1;Region_Off "Region_Office" true true false 50 Text 0 0 ,First,#,\\nasdpla\RIO\Share\RPBranch\SustainableGroundwaterManagement\BasinBoundaries\Project_P1\P1_Boundary_Adjustments\P1_Boundary_Adjustments.gdb\Basin_Boundaries\GWBasins_modifications20161017,Region_Office,-1,-1;Date_Recor "Date_Record_Last_Edited" true true false 8 Date 0 0 ,First,#,\\nasdpla\RIO\Share\RPBranch\SustainableGroundwaterManagement\BasinBoundaries\Project_P1\P1_Boundary_Adjustments\P1_Boundary_Adjustments.gdb\Basin_Boundaries\GWBasins_modifications20161017,Date_Record_Last_Edited,-1,-1;Record_Edi "Record_Edited_Byt" true true false 25 Text 0 0 ,First,#,\\nasdpla\RIO\Share\RPBranch\SustainableGroundwaterManagement\BasinBoundaries\Project_P1\P1_Boundary_Adjustments\P1_Boundary_Adjustments.gdb\Basin_Boundaries\GWBasins_modifications20161017,Record_Edited_By,-1,-1;Report "Report" true true false 300 Text 0 0 ,First,#,\\nasdpla\RIO\Share\RPBranch\SustainableGroundwaterManagement\BasinBoundaries\Project_P1\P1_Boundary_Adjustments\P1_Boundary_Adjustments.gdb\Basin_Boundaries\GWBasins_modifications20161017,Report,-1,-1;Date_Data_ "Date_Data_Applies_To" true true false 50 Text 0 0 ,First,#,\\nasdpla\RIO\Share\RPBranch\SustainableGroundwaterManagement\BasinBoundaries\Project_P1\P1_Boundary_Adjustments\P1_Boundary_Adjustments.gdb\Basin_Boundaries\GWBasins_modifications20161017,Date_Data_Applies_To,-1,-1;SHAPE_Leng "SHAPE_Leng" false true true 8 Double 0 0 ,First,#,\\nasdpla\RIO\Share\RPBranch\SustainableGroundwaterManagement\BasinBoundaries\Project_P1\P1_Boundary_Adjustments\P1_Boundary_Adjustments.gdb\Basin_Boundaries\GWBasins_modifications20161017,SHAPE_Length,-1,-1;SHAPE_Area "SHAPE_Area" false true true 8 Double 0 0 ,First,#,\\nasdpla\RIO\Share\RPBranch\SustainableGroundwaterManagement\BasinBoundaries\Project_P1\P1_Boundary_Adjustments\P1_Boundary_Adjustments.gdb\Basin_Boundaries\GWBasins_modifications20161017,SHAPE_Area,-1,-1" #</Process></lineage><itemProps><itemLocation><linkage Sync="TRUE">file://\\NCRO-249509\C$\Users\acuthber\Desktop\B118_final\i08_B118_CA_GroundwaterBasins.shp</linkage><protocol Sync="TRUE">Local Area Network</protocol></itemLocation><itemName Sync="TRUE">i08_B118_CA_GroundwaterBasins</itemName><imsContentType Sync="TRUE">002</imsContentType><nativeExtBox><westBL Sync="TRUE">-370433.733400</westBL><eastBL Sync="TRUE">531842.578600</eastBL><southBL Sync="TRUE">-604517.864100</southBL><northBL Sync="TRUE">444543.817200</northBL><exTypeCode Sync="TRUE">1</exTypeCode></nativeExtBox><itemSize Sync="TRUE">0.000</itemSize></itemProps><coordRef><type Sync="TRUE">Projected</type><geogcsn Sync="TRUE">GCS_NAD_1983_2011</geogcsn><csUnits Sync="TRUE">Linear Unit: Meter (1.000000)</csUnits><projcsn Sync="TRUE">NAD_1983_2011_California_Teale_Albers</projcsn><peXml Sync="TRUE">&lt;ProjectedCoordinateSystem xsi:type='typens:ProjectedCoordinateSystem' xmlns:xsi='http://www.w3.org/2001/XMLSchema-instance' xmlns:xs='http://www.w3.org/2001/XMLSchema' xmlns:typens='http://www.esri.com/schemas/ArcGIS/10.3'&gt;&lt;WKT&gt;PROJCS[&amp;quot;NAD_1983_2011_California_Teale_Albers&amp;quot;,GEOGCS[&amp;quot;GCS_NAD_1983_2011&amp;quot;,DATUM[&amp;quot;D_NAD_1983_2011&amp;quot;,SPHEROID[&amp;quot;GRS_1980&amp;quot;,6378137.0,298.257222101]],PRIMEM[&amp;quot;Greenwich&amp;quot;,0.0],UNIT[&amp;quot;Degree&amp;quot;,0.0174532925199433]],PROJECTION[&amp;quot;Albers&amp;quot;],PARAMETER[&amp;quot;False_Easting&amp;quot;,0.0],PARAMETER[&amp;quot;False_Northing&amp;quot;,-4000000.0],PARAMETER[&amp;quot;Central_Meridian&amp;quot;,-120.0],PARAMETER[&amp;quot;Standard_Parallel_1&amp;quot;,34.0],PARAMETER[&amp;quot;Standard_Parallel_2&amp;quot;,40.5],PARAMETER[&amp;quot;Latitude_Of_Origin&amp;quot;,0.0],UNIT[&amp;quot;Meter&amp;quot;,1.0],AUTHORITY[&amp;quot;ESRI&amp;quot;,102962]]&lt;/WKT&gt;&lt;XOrigin&gt;-16909700&lt;/XOrigin&gt;&lt;YOrigin&gt;-8597000&lt;/YOrigin&gt;&lt;XYScale&gt;266332319.7555542&lt;/XYScale&gt;&lt;ZOrigin&gt;-100000&lt;/ZOrigin&gt;&lt;ZScale&gt;10000&lt;/ZScale&gt;&lt;MOrigin&gt;-100000&lt;/MOrigin&gt;&lt;MScale&gt;10000&lt;/MScale&gt;&lt;XYTolerance&gt;0.001&lt;/XYTolerance&gt;&lt;ZTolerance&gt;0.001&lt;/ZTolerance&gt;&lt;MTolerance&gt;0.001&lt;/MTolerance&gt;&lt;HighPrecision&gt;true&lt;/HighPrecision&gt;&lt;WKID&gt;102962&lt;/WKID&gt;&lt;LatestWKID&gt;102962&lt;/LatestWKID&gt;&lt;/ProjectedCoordinateSystem&gt;</peXml></coordRef></DataProperties><SyncDate>20161018</SyncDate><SyncTime>09014900</SyncTime><ModDate>20161018</ModDate><ModTime>09014900</ModTime></Esri><dataIdInfo><envirDesc Sync="TRUE"> Version 6.2 (Build 9200) ; Esri ArcGIS 10.3.0.4322</envirDesc><dataLang><languageCode value="eng" Sync="TRUE"></languageCode><countryCode value="USA" Sync="TRUE"></countryCode></dataLang><idCitation><resTitle Sync="TRUE">i08_B118_CA_GroundwaterBasins</resTitle><presForm><PresFormCd value="005" Sync="TRUE"></PresFormCd></presForm></idCitation><spatRpType><SpatRepTypCd value="001" Sync="TRUE"></SpatRepTypCd></spatRpType><dataExt><geoEle><GeoBndBox esriExtentType="search"><exTypeCode Sync="TRUE">1</exTypeCode><westBL Sync="TRUE">-124.460304</westBL><eastBL Sync="TRUE">-113.601215</eastBL><northBL Sync="TRUE">42.019077</northBL><southBL Sync="TRUE">32.428022</southBL></GeoBndBox></geoEle></dataExt></dataIdInfo><mdLang><languageCode value="eng" Sync="TRUE"></languageCode><countryCode value="USA" Sync="TRUE"></countryCode></mdLang><distInfo><distFormat><formatName Sync="TRUE">Shapefile</formatName></distFormat><distTranOps><transSize Sync="TRUE">0.000</transSize></distTranOps></distInfo><mdHrLv><ScopeCd value="005" Sync="TRUE"></ScopeCd></mdHrLv><mdHrLvName Sync="TRUE">dataset</mdHrLvName><refSysInfo><RefSystem><refSysID><identCode code="102962" Sync="TRUE"></identCode><idCodeSpace Sync="TRUE">ESRI</idCodeSpace><idVersion Sync="TRUE">10.2.1</idVersion></refSysID></RefSystem></refSysInfo><spatRepInfo><VectSpatRep><geometObjs Name="i08_B118_CA_GroundwaterBasins"><geoObjTyp><GeoObjTypCd value="002" Sync="TRUE"></GeoObjTypCd></geoObjTyp><geoObjCnt Sync="TRUE">0</geoObjCnt></geometObjs><topLvl><TopoLevCd value="001" Sync="TRUE"></TopoLevCd></topLvl></VectSpatRep></spatRepInfo><spdoinfo><ptvctinf><esriterm Name="i08_B118_CA_GroundwaterBasins"><efeatyp Sync="TRUE">Simple</efeatyp><efeageom code="4" Sync="TRUE"></efeageom><esritopo Sync="TRUE">FALSE</esritopo><efeacnt Sync="TRUE">0</efeacnt><spindex Sync="TRUE">FALSE</spindex><linrefer Sync="TRUE">FALSE</linrefer></esriterm></ptvctinf></spdoinfo><eainfo><detailed Name="i08_B118_CA_GroundwaterBasins"><enttyp><enttypl Sync="TRUE">i08_B118_CA_GroundwaterBasins</enttypl><enttypt Sync="TRUE">Feature Class</enttypt><enttypc Sync="TRUE">0</enttypc></enttyp><attr><attrlabl Sync="TRUE">FID</attrlabl><attalias Sync="TRUE">FID</attalias><attrtype Sync="TRUE">OID</attrtype><attwidth Sync="TRUE">4</attwidth><atprecis Sync="TRUE">0</atprecis><attscale Sync="TRUE">0</attscale><attrdef Sync="TRUE">Internal feature number.</attrdef><attrdefs Sync="TRUE">Esri</attrdefs><attrdomv><udom Sync="TRUE">Sequential unique whole numbers that are automatically generated.</udom></attrdomv></attr><attr><attrlabl Sync="TRUE">SHAPE</attrlabl><attalias Sync="TRUE">Shape</attalias><attrtype Sync="TRUE">Geometry</attrtype><attwidth Sync="TRUE">0</attwidth><atprecis Sync="TRUE">0</atprecis><attscale Sync="TRUE">0</attscale><attrdef Sync="TRUE">Feature geometry.</attrdef><attrdefs Sync="TRUE">Esri</attrdefs><attrdomv><udom Sync="TRUE">Coordinates defining the features.</udom></attrdomv></attr><attr><attrlabl Sync="TRUE">Basin_ID</attrlabl><attalias Sync="TRUE">Basin_ID</attalias><attrtype Sync="TRUE">String</attrtype><attwidth Sync="TRUE">12</attwidth><atprecis Sync="TRUE">0</atprecis><attscale Sync="TRUE">0</attscale></attr><attr><attrlabl Sync="TRUE">Basin_Subb</attrlabl><attalias Sync="TRUE">Basin_Subb</attalias><attrtype Sync="TRUE">String</attrtype><attwidth Sync="TRUE">50</attwidth><atprecis Sync="TRUE">0</atprecis><attscale Sync="TRUE">0</attscale></attr><attr><attrlabl Sync="TRUE">Basin_Su_1</attrlabl><attalias Sync="TRUE">Basin_Su_1</attalias><attrtype Sync="TRUE">String</attrtype><attwidth Sync="TRUE">12</attwidth><atprecis Sync="TRUE">0</atprecis><attscale Sync="TRUE">0</attscale></attr><attr><attrlabl Sync="TRUE">Basin_Name</attrlabl><attalias Sync="TRUE">Basin_Name</attalias><attrtype Sync="TRUE">String</attrtype><attwidth Sync="TRUE">50</attwidth><atprecis Sync="TRUE">0</atprecis><attscale Sync="TRUE">0</attscale></attr><attr><attrlabl Sync="TRUE">Subbasin_N</attrlabl><attalias Sync="TRUE">Subbasin_N</attalias><attrtype Sync="TRUE">String</attrtype><attwidth Sync="TRUE">50</attwidth><atprecis Sync="TRUE">0</atprecis><attscale Sync="TRUE">0</attscale></attr><attr><attrlabl Sync="TRUE">Region_Off</attrlabl><attalias Sync="TRUE">Region_Off</attalias><attrtype Sync="TRUE">String</attrtype><attwidth Sync="TRUE">50</attwidth><atprecis Sync="TRUE">0</atprecis><attscale Sync="TRUE">0</attscale></attr><attr><attrlabl Sync="TRUE">Date_Recor</attrlabl><attalias Sync="TRUE">Date_Recor</attalias><attrtype Sync="TRUE">Date</attrtype><attwidth Sync="TRUE">8</attwidth><atprecis Sync="TRUE">0</atprecis><attscale Sync="TRUE">0</attscale></attr><attr><attrlabl Sync="TRUE">Record_Edi</attrlabl><attalias Sync="TRUE">Record_Edi</attalias><attrtype Sync="TRUE">String</attrtype><attwidth Sync="TRUE">25</attwidth><atprecis Sync="TRUE">0</atprecis><attscale Sync="TRUE">0</attscale></attr><attr><attrlabl Sync="TRUE">Report</attrlabl><attalias Sync="TRUE">Report</attalias><attrtype Sync="TRUE">String</attrtype><attwidth Sync="TRUE">254</attwidth><atprecis Sync="TRUE">0</atprecis><attscale Sync="TRUE">0</attscale></attr><attr><attrlabl Sync="TRUE">Date_Data_</attrlabl><attalias Sync="TRUE">Date_Data_</attalias><attrtype Sync="TRUE">String</attrtype><attwidth Sync="TRUE">50</attwidth><atprecis Sync="TRUE">0</atprecis><attscale Sync="TRUE">0</attscale></attr><attr><attrlabl Sync="TRUE">SHAPE_Leng</attrlabl><attalias Sync="TRUE">SHAPE_Leng</attalias><attrtype Sync="TRUE">Double</attrtype><attwidth Sync="TRUE">19</attwidth><atprecis Sync="TRUE">0</atprecis><attscale Sync="TRUE">0</attscale></attr><attr><attrlabl Sync="TRUE">SHAPE_Area</attrlabl><attalias Sync="TRUE">SHAPE_Area</attalias><attrtype Sync="TRUE">Double</attrtype><attwidth Sync="TRUE">19</attwidth><atprecis Sync="TRUE">0</atprecis><attscale Sync="TRUE">0</attscale><attrdef Sync="TRUE">Area of feature in internal units squared.</attrdef><attrdefs Sync="TRUE">Esri</attrdefs><attrdomv><udom Sync="TRUE">Positive real numbers that are automatically generated.</udom></attrdomv></attr></detailed></eainfo><mdDateSt Sync="TRUE">20161018</mdDateSt></metadata>
